artists,name,album
Bonobo,Migration,Migration
Bonobo,Outlier,Migration
Bonobo,Ontario,Migration
Bonobo,Grains,Migration
Dustin O'Halloran,An Ending, a Beginning,Late Night Tales: Bonobo
Khruangbin,A Calf Born in Winter,Late Night Tales: Bonobo
Zero 7, José González,Futures,RECORD
Zero 7, Mozez,I Have Seen,RECORD
Zero 7, Sia, Sophie Barker,Destiny,RECORD
Tycho,A Walk,Dive
Tycho,Hours,Dive
Tycho,Weather,Simulcast
Bonobo,Noctuary,Dial 'M' for Monkey
Bonobo,Flutter,Dial 'M' for Monkey
Bonobo,D Song,Dial 'M' for Monkey
Bonobo,Change Down,Dial 'M' for Monkey
Bonobo,Wayward Bob,Dial 'M' for Monkey
Bonobo,Pick Up,Dial 'M' for Monkey
Bonobo,Something for Windy,Dial 'M' for Monkey
Bonobo,Nothing Owed,Dial 'M' for Monkey
Bonobo,Light Pattern,Dial 'M' for Monkey
Blue States,Walkabout,Nothing Changes Under The Sun
Air, Beth Hirsch,All I Need (feat. Beth Hirsch),Moon Safari
Lavinia Meijer,Suite bergamasque, L. 75: III. Clair de Lune (Transcribed for Harp),Voyage
Claude Debussy, Alexis Weissenberg,Suite bergamasque, L. 75: III. Clair de lune,Debussy: Clair de Lune; Piano Works
Erik Satie, Pascal Rogé,3 Gymnopédies: No. 1, Lent et douloureux,Satie: 3 Gymnopédies; 6 Gnossiennes etc.
Claude Debussy, Alain Planès,Rêverie, L. 68,Debussy: Estampes; Pour le piano; 6 épigraphes antiques
Haley Heynderickx, Max García Conover,Francis,Among Horses III
Crosby, Stills, Nash & Young,Our House,Deja Vu
Neil Young,Harvest Moon,Harvest Moon
Doves,Walk In Fire,Some Cities
A Fine Frenzy,What I Wouldn't Do,Bomb In A Birdcage
Barenaked Ladies,If I Had $1,000,000,Gordon
Wings,With A Little Luck,London Town
Paul McCartney, Wings,Mamunia - Remastered 2010,Band On The Run (Standard)
Paul McCartney, Wings,Bluebird - Remastered 2010,Band On The Run (Standard)
The Beatles,Across The Universe - Remastered,Let It Be (Remastered)
The Beatles,Here Comes The Sun - Remastered,Abbey Road (Remastered)
The Beatles,You Never Give Me Your Money - Remastered,Abbey Road (Remastered)
The Beatles,I'm So Tired - Remastered,The Beatles (Remastered)
The Beatles,Mother Nature's Son - Remastered,The Beatles (Remastered)
The Beatles,Cry Baby Cry - Remastered,The Beatles (Remastered)
The Beatles,I'm Only Sleeping - Remastered,Revolver (Remastered)
The Beatles,Here, There And Everywhere - Remastered,Revolver (Remastered)
The Beatles,In My Life - Remastered,Rubber Soul (Remastered)
Béla Fleck and the Flecktones,Stomping Grounds - Live Version,Live Art
Béla Fleck and the Flecktones,Lochs of Dread - Live Version,Live Art
Béla Fleck and the Flecktones,New South Africa - Live Version,Live Art
Bob Marley & The Wailers,No Woman, No Cry - Live At The Lyceum, London/1975,Live!
Bob Marley & The Wailers,Jamming,Exodus (Deluxe Edition)
Bob Marley & The Wailers,One Love / People Get Ready,Exodus (Deluxe Edition)
Bob Marley & The Wailers,Is This Love,Kaya
Bob Marley & The Wailers,Buffalo Soldier,Confrontation
Bob Marley & The Wailers,Could You Be Loved,Uprising
Bob Marley & The Wailers,Three Little Birds,Exodus (Deluxe Edition)
Bob Dylan,Lay, Lady, Lay,The Essential Bob Dylan
Bob Dylan,Don't Think Twice, It's All Right,The Essential Bob Dylan
Noel Gallagher's High Flying Birds,Everybody's On the Run,Noel Gallagher's High Flying Birds
Jason Mraz,Live High,We Sing. We Dance. We Steal Things. (Bonus Tracks Version)
Jason Mraz,Living in the Moment,Love Is a Four Letter Word
Jack Johnson,Better Together,In Between Dreams
Jack Johnson,Banana Pancakes,In Between Dreams
Jack Johnson,Constellations,In Between Dreams
Jack Johnson,Upside Down,Jack Johnson And Friends: Sing-A-Longs And Lullabies For The Film Curious George
Jack Johnson,Inaudible Melodies,Brushfire Fairytales (Remastered)
Jack Johnson,F-Stop Blues,Brushfire Fairytales (Remastered)
Jack Johnson,Flake (Live),Brushfire Fairytales (Remastered)
Empire Of The Sun,Walking On A Dream,Walking On A Dream
Don McLean,Vincent,American Pie
David Bowie,Space Oddity - 2015 Remaster,David Bowie (aka Space Oddity) [2015 Remaster]
Saint Etienne,Spring,Foxbase Alpha
Pink Floyd,Is There Anybody Out There? - 2011 Remastered Version,The Wall (Remastered)
Noel Gallagher's High Flying Birds,Dead In The Water (Live at RTÉ 2FM Studios, Dublin) - Bonus Track,Who Built The Moon?
Noel Gallagher's High Flying Birds,Dream On,Noel Gallagher's High Flying Birds
Noel Gallagher's High Flying Birds,The Death Of You And Me,Noel Gallagher's High Flying Birds
Noel Gallagher's High Flying Birds,(I Wanna Live In A Dream In My) Record Machine,Noel Gallagher's High Flying Birds
Noel Gallagher's High Flying Birds,Soldier Boys And Jesus Freaks,Noel Gallagher's High Flying Birds
Noel Gallagher's High Flying Birds,AKA... Broken Arrow,Noel Gallagher's High Flying Birds
Noel Gallagher's High Flying Birds,(Stranded On) The Wrong Beach,Noel Gallagher's High Flying Birds
Noel Gallagher's High Flying Birds,Stop The Clocks,Noel Gallagher's High Flying Birds
Noel Gallagher's High Flying Birds,If I Had A Gun...,Noel Gallagher's High Flying Birds
Simon & Garfunkel,The Sound of Silence - Acoustic Version,Wednesday Morning, 3 A.M.
The Album Leaf,Streamside,In A Safe Place
The Album Leaf,Another Day (Revised),In A Safe Place
The Album Leaf,Twentytwofourteen,In A Safe Place
The Album Leaf,The Outer Banks,In A Safe Place
The Album Leaf,Window,In A Safe Place
The Album Leaf,Vermillion,One Day I'll Be on Time
The Album Leaf,Asleep,One Day I'll Be on Time
The Album Leaf,The Audio Pool,One Day I'll Be on Time
The Album Leaf,In Between Lines,One Day I'll Be on Time
The Album Leaf,Story Board,One Day I'll Be on Time
The Album Leaf,The MP,One Day I'll Be on Time
Doves,Friday's Dust,The Last Broadcast
Doves,Last Broadcast,The Last Broadcast
Doves,The Sulphur Man,The Last Broadcast
Doves,Caught By The River,The Last Broadcast
Doves,Firesuite,Lost Souls
Doves,Here It Comes,Lost Souls
Doves,Break Me Gently,Lost Souls
Doves,Sea Song,Lost Souls
Doves,Rise,Lost Souls
Doves,Lost Souls,Lost Souls
Doves,Melody Calls,Lost Souls
Doves,Catch The Sun,Lost Souls
Doves,The Man Who Told Everything,Lost Souls
Doves,The Cedar Room,Lost Souls
Doves,Reprise,Lost Souls
Doves,A House,Lost Souls
Doves,Satellites,The Last Broadcast
Doves,M62 Song,The Last Broadcast
Doves,Jetstream,Kingdom Of Rust
The Verve,One Day,Urban Hymns (Remastered 2016)
Travis,The Last of the Laughter,The Man Who
Yann Tiersen,Comptine d'un autre été, l'après-midi,Amelie from Montmartre (Original SoundTrack)
Yann Tiersen,On the Wire,Amelie from Montmartre (Original SoundTrack)
Yann Tiersen,Les deux pianos,Amelie from Montmartre (Original SoundTrack)
José González,Cycling Trivilalities,In Our Nature
José González,The Nest,In Our Nature
José González,How Low,In Our Nature
José González,Down The Line,In Our Nature
José González,Teardrop,In Our Nature
Passenger,Feather on the Clyde,All the Little Lights (Deluxe)
Passenger,Restless Wind,Sometimes It's Something, Sometimes It's Nothing at All
Passenger,Fairytales & Firesides,Divers & Submarines
Brad Mehldau,Blackbird,The Art of the Trio, Vol. 1
Edgar Meyer, Mike Marshall, Béla Fleck,Sliding Down,The Best of Edgar Meyer
Dirty Heads,Warming Sun,Home | Phantoms of Summer: The Acoustic Sessions
Dirty Heads,Intro (Anchors Up),Home | Phantoms of Summer: The Acoustic Sessions
David Crosby, Michelle Willis, Becca Stevens, Michael League,Woodstock,Here If You Listen
Helios,Halving The Compass,Eingya
Helios,Bless This Morning Year,Eingya
Helios,Dragonfly Across An Ancient Sky,Eingya
This Will Destroy You,They Move on Tracks of Never-Ending Light,S/T
The Album Leaf,Tied Knots,A Chorus of Storytellers
The Album Leaf,Within Dreams,A Chorus of Storytellers
The Album Leaf,Blank Pages,A Chorus of Storytellers
The Paper Kites,Bloom - Bonus Track,Woodland - EP
Ben Howard,Old Pine,Every Kingdom (Deluxe Version)
Crosby & Nash,Lay me down,Crosby & Nash
Nick Mulvey,First Mind,First Mind
Nick Mulvey,I Don't Want To Go Home,First Mind
Nick Mulvey,The Trellis,First Mind
King Crimson,I Talk To The Wind,In The Court Of The Crimson King (Expanded & Remastered Original Album Mix)
Nick Mulvey,Mountain To Move,Wake Up Now
Portico Quartet,Prickly Pear,Knee-Deep In the North Sea
Portico Quartet,Pompidou,Knee-Deep In the North Sea
Slowly Rolling Camera,Juniper,Juniper
Passenger,Riding to New York,Whispers
Blur,Ghost Ship,The Magic Whip
Blur,Out of Time,Think Tank
Blur,Good Song,Think Tank
Iron & Wine,Passing Afternoon,Our Endless Numbered Days (Deluxe Edition)
Iron & Wine,Naked as We Came,Our Endless Numbered Days (Deluxe Edition)
Iron & Wine,Cinder and Smoke,Our Endless Numbered Days (Deluxe Edition)
Iron & Wine,Each Coming Night,Our Endless Numbered Days (Deluxe Edition)
Tracy Chapman,Fast Car,Tracy Chapman
Sons Of The East,My Repair,Already Gone
The Milk Carton Kids,Just Look at Us Now,All the Things That I Did and All the Things That I Didn't Do
The Milk Carton Kids,Secrets Of The Stars,Monterey
Jake Bugg,Simple As This,Jake Bugg
The Album Leaf,One Minute,Seal Beach
Ólafur Arnalds,Near Light,Living Room Songs
Ólafur Arnalds,Doria - Island Songs VII,Island Songs
David Crosby, Michelle Willis, Becca Stevens, Michael League,Glory,Here If You Listen
The Milk Carton Kids,All the Things...,All the Things That I Did and All the Things That I Didn't Do
Aldous Harding,Hunter,Aldous Harding
Lavinia Meijer,La Valse des monstres,Voyage
Paul McCartney, Wings,Band On The Run - Remastered 2010,Band On The Run (Standard)
Paul Desmond,A Taste of Honey,The Complete RCA Victor Recordings
Arvo Pärt, Angèle Dubeau, La Pietà,Spiegel im spiegel,Arvo Pärt: Portrait
This Will Destroy You,The Mighty Rio Grande,S/T
Noel Gallagher's High Flying Birds,Interlude (Wednesday Part 1),Who Built The Moon?
Noel Gallagher's High Flying Birds,Be Careful What You Wish For,Who Built The Moon?
Dmitri Shostakovich, Alexander Melnikov, Mahler Chamber Orchestra, Teodor Currentzis,Piano Concerto No. 2 Op. 102 in F Major: II. Andante,Dmitri Shostakovich: Piano Concertos
Imogen Heap,Cumulus,Cumulus
Jon and Roy,Nothing but Everything,The Road Ahead Is Golden
Maurice Ravel, Krystian Zimerman, The Cleveland Orchestra, Pierre Boulez,Piano Concerto in G Major, M. 83: II. Adagio assai,Ravel: Piano Concertos; Valses nobles et sentimentales
Johann Sebastian Bach, John C. Williams,Prelude in C Minor, BWV 999 (Arr. J. Williams for Guitar),Bach: Lute Suites, Vol. I
Portico Quartet,Knee-Deep in the North Sea,Knee-Deep In the North Sea
Julian Lage,Nocturne,Arclight
Erik Satie, Philippe Entremont,Gymnopédie No. 1,Erik Satie & Friends
Gustav Holst, London Symphony Orchestra, Sir Colin Davis,The Planets, Op. 32: II. Venus, the Bringer of Peace,Holst: The Planets, Op. 32
Air,La femme d'argent,Moon Safari
Buckethead,Big Sur Moon,Colma
Felix Laband,Cat on the Fence,Thin Shoes in June
Iron & Wine,Pagan Angel and a Borrowed Car,The Shepherd's Dog
Iron & Wine,White Tooth Man,The Shepherd's Dog
Iron & Wine,Lovesong of the Buzzard,The Shepherd's Dog
Iron & Wine,Carousel,The Shepherd's Dog
Iron & Wine,House By the Sea,The Shepherd's Dog
Iron & Wine,Innocent Bones,The Shepherd's Dog
Iron & Wine,Wolves (Song of the Shepherd's Dog),The Shepherd's Dog
Iron & Wine,Resurrection Fern,The Shepherd's Dog
Iron & Wine,Boy With a Coin,The Shepherd's Dog
Iron & Wine,The Devil Never Sleeps,The Shepherd's Dog
Iron & Wine,Peace Beneath the City,The Shepherd's Dog
Iron & Wine,Flightless Bird, American Mouth,The Shepherd's Dog
Sarah Jarosz,Morning,Blue Heron Suite
Elbow,Mirrorball,The Seldom Seen Kid
Aphex Twin,Avril 14th,Drukqs
Jeremy Dutcher,Skicinuwihkuk,Skicinuwihkuk